{
  "Total Return (%)": 548.9854117239014,
  "Annualized Volatility (%)": 64.95972519454502,
  "Sharpe Ratio": 0.9075124160628499,
  "Max Drawdown (%)": -73.63221744219119
}