{
  "Total Return (%)": 1355.201518059067,
  "Annualized Volatility (%)": 67.18943700509351,
  "Sharpe Ratio": 1.134808397332467,
  "Max Drawdown (%)": -73.63221744219122
}