{
  "Total Return (%)": 556.544614411141,
  "Annualized Volatility (%)": 64.96099016225007,
  "Sharpe Ratio": 0.9111269345028038,
  "Max Drawdown (%)": -73.63221744219122
}