{
  "Total Return (%)": 642.1799349030458,
  "Annualized Volatility (%)": 50.962221978395824,
  "Sharpe Ratio": 1.044005881183917,
  "Max Drawdown (%)": -55.096699211850606
}