{
  "Total Return (%)": 261.4934301000134,
  "Annualized Volatility (%)": 48.185604369332516,
  "Sharpe Ratio": 0.775819438409521,
  "Max Drawdown (%)": -78.12895840839292
}